Name,Link
"Zabaglia, Niccola",https://www.nga.gov/cgi-bin/tsearch?artistid=11630
"Zaccone, Fabian",https://www.nga.gov/cgi-bin/tsearch?artistid=34202
"Zachert, Johann Edvart",https://www.nga.gov/cgi-bin/tsearch?artistid=35577
"Zachmann, Max",https://www.nga.gov/cgi-bin/tsearch?artistid=46892
"Zadkine, Ossip",https://www.nga.gov/cgi-bin/tsearch?artistid=3475
"Zaech, Bernhard",https://www.nga.gov/cgi-bin/tsearch?artistid=25135
"Zagar, Jacob",https://www.nga.gov/cgi-bin/tsearch?artistid=2298
"Zagroba, Idalia",https://www.nga.gov/cgi-bin/tsearch?artistid=23988
"Zaidenberg, A.",https://www.nga.gov/cgi-bin/tsearch?artistid=8232
"Zaidenberg, Arthur",https://www.nga.gov/cgi-bin/tsearch?artistid=34154
"Zaisinger, Matthäus",https://www.nga.gov/cgi-bin/tsearch?artistid=4910
"Zajac, Jack",https://www.nga.gov/cgi-bin/tsearch?artistid=3450
"Zak, Eugène",https://www.nga.gov/cgi-bin/tsearch?artistid=1986
"Zakharov, Gurii Fillipovich",https://www.nga.gov/cgi-bin/tsearch?artistid=3451
"Zakowortny, Igor",https://www.nga.gov/cgi-bin/tsearch?artistid=20099
"Zalce, Alfredo",https://www.nga.gov/cgi-bin/tsearch?artistid=3452
"Zalopany, Michele",https://www.nga.gov/cgi-bin/tsearch?artistid=34309
"Zammiello, Craig",https://www.nga.gov/cgi-bin/tsearch?artistid=27191
"Zammitt, Norman",https://www.nga.gov/cgi-bin/tsearch?artistid=5846
"Zamorensis, Rodericus",https://www.nga.gov/cgi-bin/tsearch?artistid=46882
The Zamorensis Master,https://www.nga.gov/cgi-bin/tsearch?artistid=38866
"Zampieri, Domenico",https://www.nga.gov/cgi-bin/tsearch?artistid=3941
"Zampieri, called Domenichino, Domenico",https://www.nga.gov/cgi-bin/tsearch?artistid=3941
"Zanartú, Enrique Antunez",https://www.nga.gov/cgi-bin/tsearch?artistid=3453
"Zanchi, Antonio",https://www.nga.gov/cgi-bin/tsearch?artistid=35173
"Zanetti, Anton Maria II",https://www.nga.gov/cgi-bin/tsearch?artistid=11133
"Zanetti Borzino, Leopoldina",https://www.nga.gov/cgi-bin/tsearch?artistid=3455
"Zanetti I, Antonio Maria, conte",https://www.nga.gov/cgi-bin/tsearch?artistid=3454
"Zanguidi, Jacopo",https://www.nga.gov/cgi-bin/tsearch?artistid=961
"Zanini, Giuseppe",https://www.nga.gov/cgi-bin/tsearch?artistid=11597
"Zanini-Viola, Giuseppe",https://www.nga.gov/cgi-bin/tsearch?artistid=11597
"Zanotti, Giampietro",https://www.nga.gov/cgi-bin/tsearch?artistid=11631
Zao Wou-Ki,https://www.nga.gov/cgi-bin/tsearch?artistid=3427
"Zarro, Ron",https://www.nga.gov/cgi-bin/tsearch?artistid=47027
"Zasinger, Matthäus",https://www.nga.gov/cgi-bin/tsearch?artistid=4910
"Zausch, W.W.",https://www.nga.gov/cgi-bin/tsearch?artistid=8233
"Zawadzka, Ewa",https://www.nga.gov/cgi-bin/tsearch?artistid=24008
"Zawisa, Bernard",https://www.nga.gov/cgi-bin/tsearch?artistid=34155
"Zayas, Marius de",https://www.nga.gov/cgi-bin/tsearch?artistid=9371
"Zazeela, Marian",https://www.nga.gov/cgi-bin/tsearch?artistid=10413
"Zec, Safet",https://www.nga.gov/cgi-bin/tsearch?artistid=29969
Zeeman,https://www.nga.gov/cgi-bin/tsearch?artistid=3456
"Zeeman, Reinier",https://www.nga.gov/cgi-bin/tsearch?artistid=3456
"Zeeman, Reinier Nooms, called",https://www.nga.gov/cgi-bin/tsearch?artistid=3456
"Zehender, Gabriel",https://www.nga.gov/cgi-bin/tsearch?artistid=30199
"Zein, Kurt",https://www.nga.gov/cgi-bin/tsearch?artistid=20160
"Zeissig, Johann Eleazar",https://www.nga.gov/cgi-bin/tsearch?artistid=5459
"Zelazny, Roger",https://www.nga.gov/cgi-bin/tsearch?artistid=48193
"Zelazny, Roger Joseph",https://www.nga.gov/cgi-bin/tsearch?artistid=48193
"Zelenko, Karel",https://www.nga.gov/cgi-bin/tsearch?artistid=3457
"Zeliff, Amzi Emmons",https://www.nga.gov/cgi-bin/tsearch?artistid=1987
"Zeller, Daniel",https://www.nga.gov/cgi-bin/tsearch?artistid=35687
"Zelma, Georgi",https://www.nga.gov/cgi-bin/tsearch?artistid=40833
"Zelotti, Giovanni Battista",https://www.nga.gov/cgi-bin/tsearch?artistid=37762
"Zeman, Jakub",https://www.nga.gov/cgi-bin/tsearch?artistid=31402
"Zenatá, Kamila",https://www.nga.gov/cgi-bin/tsearch?artistid=24890
"Zenone, Vincent",https://www.nga.gov/cgi-bin/tsearch?artistid=3458
"Zepeda, Anthony",https://www.nga.gov/cgi-bin/tsearch?artistid=14971
"Zerbe, Karl",https://www.nga.gov/cgi-bin/tsearch?artistid=38149
"Zertahelli, Leonhard",https://www.nga.gov/cgi-bin/tsearch?artistid=3459
"Zertahelly, Leonhard",https://www.nga.gov/cgi-bin/tsearch?artistid=3459
"Zetter, Paul de",https://www.nga.gov/cgi-bin/tsearch?artistid=6335
"Zhitomirsky, Alexander",https://www.nga.gov/cgi-bin/tsearch?artistid=21745
"Ziarnko, Jan",https://www.nga.gov/cgi-bin/tsearch?artistid=3460
"Zick, Januarius",https://www.nga.gov/cgi-bin/tsearch?artistid=36211
"Ziegler, Henry",https://www.nga.gov/cgi-bin/tsearch?artistid=3461
"Ziegler, Johann",https://www.nga.gov/cgi-bin/tsearch?artistid=3462
"Zielke, Julius",https://www.nga.gov/cgi-bin/tsearch?artistid=38921
"Ziem, Félix",https://www.nga.gov/cgi-bin/tsearch?artistid=28420
"Ziem, Félix François Georges Philibert",https://www.nga.gov/cgi-bin/tsearch?artistid=28420
"Ziemann, Richard Claude",https://www.nga.gov/cgi-bin/tsearch?artistid=3463
"Ziesenis, Johann Georg",https://www.nga.gov/cgi-bin/tsearch?artistid=21152
"Ziger, Dan",https://www.nga.gov/cgi-bin/tsearch?artistid=8234
"Zille, Heinrich",https://www.nga.gov/cgi-bin/tsearch?artistid=16939
"Zilotti, Domenico Bernardo",https://www.nga.gov/cgi-bin/tsearch?artistid=38820
"Zilzer, Gyula",https://www.nga.gov/cgi-bin/tsearch?artistid=34156
"Zimet, A.",https://www.nga.gov/cgi-bin/tsearch?artistid=8235
"Zimiles, Murray",https://www.nga.gov/cgi-bin/tsearch?artistid=3464
"Zimmermann, Jacques",https://www.nga.gov/cgi-bin/tsearch?artistid=3465
"Zimmermann, Joachim",https://www.nga.gov/cgi-bin/tsearch?artistid=7090
"Zimmermann, Mac",https://www.nga.gov/cgi-bin/tsearch?artistid=6545
"Zingale, Santos",https://www.nga.gov/cgi-bin/tsearch?artistid=34157
"Zingg, Adrian",https://www.nga.gov/cgi-bin/tsearch?artistid=5624
"Zirker, Joe",https://www.nga.gov/cgi-bin/tsearch?artistid=3466
"Zirker, Joseph",https://www.nga.gov/cgi-bin/tsearch?artistid=3466
"Zito, Emilio",https://www.nga.gov/cgi-bin/tsearch?artistid=8236
"Zittoz, Miguel",https://www.nga.gov/cgi-bin/tsearch?artistid=1878
Zoan Andrea,https://www.nga.gov/cgi-bin/tsearch?artistid=2902
"Zocchi, Giuseppe",https://www.nga.gov/cgi-bin/tsearch?artistid=3467
"Zoell, Bob",https://www.nga.gov/cgi-bin/tsearch?artistid=48353
"Zoellner, Richard Charles",https://www.nga.gov/cgi-bin/tsearch?artistid=34158
"Zoffany, Johann",https://www.nga.gov/cgi-bin/tsearch?artistid=1988
"Zoffany, John",https://www.nga.gov/cgi-bin/tsearch?artistid=1988
"Zogbaum, Wilfred M.",https://www.nga.gov/cgi-bin/tsearch?artistid=34159
"Zompini, Gaetano",https://www.nga.gov/cgi-bin/tsearch?artistid=9988
"Zoppo, Marco",https://www.nga.gov/cgi-bin/tsearch?artistid=1989
"Zorach, Marguerite",https://www.nga.gov/cgi-bin/tsearch?artistid=1990
"Zorach, William",https://www.nga.gov/cgi-bin/tsearch?artistid=2299
"Zorio, Gilberto",https://www.nga.gov/cgi-bin/tsearch?artistid=31202
"Zorn, Anders",https://www.nga.gov/cgi-bin/tsearch?artistid=1991
"Zorn, Anders Leonard",https://www.nga.gov/cgi-bin/tsearch?artistid=1991
"Zorner, Rudolf",https://www.nga.gov/cgi-bin/tsearch?artistid=24832
Zorzo da Castelfranco,https://www.nga.gov/cgi-bin/tsearch?artistid=1341
"Zox, Larry",https://www.nga.gov/cgi-bin/tsearch?artistid=6731
Zsissly,https://www.nga.gov/cgi-bin/tsearch?artistid=6496
"Zuccarelli, Francesco",https://www.nga.gov/cgi-bin/tsearch?artistid=6350
"Zuccarello, Anthony",https://www.nga.gov/cgi-bin/tsearch?artistid=8237
"Zuccari, Federico",https://www.nga.gov/cgi-bin/tsearch?artistid=2812
"Zuccari, Taddeo",https://www.nga.gov/cgi-bin/tsearch?artistid=2813
"Zuccaro, Federico",https://www.nga.gov/cgi-bin/tsearch?artistid=2812
"Zuccaro, Federigo",https://www.nga.gov/cgi-bin/tsearch?artistid=2812
"Zuccaro, Taddeo",https://www.nga.gov/cgi-bin/tsearch?artistid=2813
"Zucchi, Andrea",https://www.nga.gov/cgi-bin/tsearch?artistid=3468
"Zucchi, Antonio",https://www.nga.gov/cgi-bin/tsearch?artistid=6040
"Zucchi, Francesco",https://www.nga.gov/cgi-bin/tsearch?artistid=3469
"Zucchi, Giuseppe Carlo",https://www.nga.gov/cgi-bin/tsearch?artistid=20911
"Zucchi, Jacopo",https://www.nga.gov/cgi-bin/tsearch?artistid=5578
"Zucchi, Lorenzo",https://www.nga.gov/cgi-bin/tsearch?artistid=3470
"Zucker, Joe",https://www.nga.gov/cgi-bin/tsearch?artistid=20457
"Zuelch, Clarence Edward",https://www.nga.gov/cgi-bin/tsearch?artistid=34160
"Zuliani, Giuliano",https://www.nga.gov/cgi-bin/tsearch?artistid=47580
"Zuloaga, Ignacio",https://www.nga.gov/cgi-bin/tsearch?artistid=1992
"Zuloaga y Zabaleta, Ignacio",https://www.nga.gov/cgi-bin/tsearch?artistid=1992
"Zumwalt, Gail Delaney",https://www.nga.gov/cgi-bin/tsearch?artistid=34984
"Zündt, Mathis",https://www.nga.gov/cgi-bin/tsearch?artistid=3471
"Zuniga, Francisco",https://www.nga.gov/cgi-bin/tsearch?artistid=41247
"Zupa, Nicholas",https://www.nga.gov/cgi-bin/tsearch?artistid=8238
"Zurbarán, Francisco de",https://www.nga.gov/cgi-bin/tsearch?artistid=1993
"Zustris, Friedrich",https://www.nga.gov/cgi-bin/tsearch?artistid=2767
"Zutman III, Lambert",https://www.nga.gov/cgi-bin/tsearch?artistid=3472
"Zwart, Piet",https://www.nga.gov/cgi-bin/tsearch?artistid=24741
"Zwiers, Willem",https://www.nga.gov/cgi-bin/tsearch?artistid=5713
"Zwiers, Wim",https://www.nga.gov/cgi-bin/tsearch?artistid=5713
"Zwysen, Henry",https://www.nga.gov/cgi-bin/tsearch?artistid=8239
"Zykmund, Václav",https://www.nga.gov/cgi-bin/tsearch?artistid=24614
